,"List of Successful Candidates in Uttar Pradesh Assembly Election in 2012Below is an year-wise list of MLAs of Duddhi Assembly Constituency along with their party name:",,,,,,,,,,,
A C No.,"ConstituencyName",Category,Winner,Gender Party,,Votes,Runner Up,Gender Party,,Votes,,
1,Behat,GEN,Mahaveer Singh Rana,M,BSP,70274,Naresh,M,INC,69760,,
2,Nakur,GEN,Dr. Dharam Singh Saini,M,BSP,89187,Imran Masood,M,INC,84623,,
3,"SaharanpurNagar",GEN,Raghav Lakhanpal,M,BJP,85170,Saleem Ahmed,M,INC,72544,,
4,Saharanpur,GEN,Jagpal,M,BSP,80670,Ch. Abdul Wahid,M,INC,63557,,
5,Deoband,GEN,Rajendra Singh Rana,M,SP,66682,Manoj Chaudhary,M,BSP,63632,,
6,"RampurManiharan",(SC),Ravinder Kumar Molhu,M,BSP,77274,Vinod Kumar Tejyan,M,INC,50668,,
7,Gangoh,GEN,Pardeep Kumar,M,INC,65149,Ruder Sain,M,SP,61126,,
8,Kairana,GEN,Hukum Singh,M,BJP,80293,Anwar Hasan,M,BSP,60750,,
9,Thana Bhawan,GEN,Suresh Kumar,M,BJP,53719,Ashraf Ali Khan,M,RLD,53454,,
10,Shamli,GEN,Pankaj Kumar Malik,M,INC,53947,Virendra Singh,M,SP,50206,,
11,Budhana,GEN,Nawaz ish Alam Khan,M,SP,68210,Rajpal Singh Baliyan,M,RLD,57622,,
12,Charthawal,GEN,Noor Saleem Rana,M,BSP,53481,Vijay Kumar,M,BJP,40775,,
13,Purqaz i,(SC),Anil Kumar,M,BSP,53491,Deepak Kumar,M,INC,44583,,
14,Muz affarnagar,GEN,Chitranjan Swaroop,M,SP,59169,Ashok Kansal,M,BJP,44167,,
15,Khatauli,GEN,Kartar Singh Bhadana,M,RLD,46722,Tara Chand Shastri,M,BSP,40847,,
16,Meerapur,GEN,Jamil Ahmad Qasmi,M,BSP,56802,Mithlesh Pal,F,RLD,44069,,
17,Najibabad,GEN,Tasleem,M,BSP,62713,Rajeev Kumar Agarwal,M,BJP,51130,,
18,Nagina,(SC),Manoj Kumar Paras,M,SP,83997,Omwati Devi,F,BSP,57451,,
19,Barhapur,GEN,Mohd.Ghaz i,M,BSP,68436,Indra Dev Singh,M,BJP,41061,,
20,Dhampur,GEN,Th. Mool Chand Chauhan,M,SP,53365,Ashok Kumar Rana,M,BSP,52801,,
21,Nehtaur,(SC),Om Kumar,M,BSP,51389,Raj Kumar,M,SP,31991,,
22,Bijnor,GEN,Kunvar Bharatendra,M,BJP,68969,Mahboob,M,BSP,51133,,
23,Chandpur,GEN,Iqbal,M,BSP,54941,Shairbaz Khan,M,SP,39928,,
24,Noorpur,GEN,Lokendra Singh,M,BJP,47566,Mohd.Usmaan,M,BSP,42093,,
25,Kanth,GEN,Aneesurrehman,M,PECP,37092,Riz wan Ahmad Khan,M,BSP,35558,,
26,Thakurdwara,GEN,Kunwar Servesh Kumar,M,BJP,84530,Vijay Kumar,M,MD,46556,,
27,Moradabad Rural,GEN,Shameemul Haq,M,SP,72213,Suresh Chandra Saini,M,BJP,49477,,
28,"MoradabadNagar",GEN,Mohammad Yusuf Ansari,M,SP,88341,Ritesh Kumar Gupta,M,BJP,68103,,
29,Kundarki,GEN,Mohammad Riz wan,M,SP,81302,Ramveer Singh,M,BJP,64101,,
30,Bilari,GEN,Mhd.Irfan,M,SP,55694,Lakhan Singh Saini,M,BSP,54154,,
31,Chandausi,(SC),Laxmi Gautam,F,SP,55871,Gulab Devi,F,BJP,51864,,
32,Asmoli,GEN,Pinki Singh,F,SP,73873,Aqeel Ur Rehman Khan,M,BSP,47484,,
33,Sambhal,GEN,Iqbal Mehmood,M,SP,79820,Rajesh Singhal,M,BJP,49773,,
34,Suar,GEN,"Nawab Kaz im Ali KhanUrf Naved Mian",M,INC,55469,Laxmi Saini,F,BJP,41754,,
35,Chamraua,GEN,Ali Yusuf Ali,M,BSP,37083,Naseer Ahmad Khan,M,SP,35237,,
36,Bilaspur,GEN,Sanjay Kapoor,M,INC,52818,Beena Bhardwaj,F,SP,42641,,
37,Rampur,GEN,Mohammad Az am Khan,M,SP,95772,"Dr. Tanveer AhmadKhan",M,INC,32503,,
38,Milak,(SC),Vijay Singh,M,SP,56798,Chandra Pal Singh,M,INC,36635,,
39,Dhanaura,(SC),Maikal Chandra,M,SP,55545,Hem Singh,M,BSP,47916,,
40,Naugawan Sadat,GEN,Ashfaq Ali Khan,M,SP,55626,Rahul Kumar,M,BSP,51964,,
41,Amroha,GEN,Mehboob Ali,M,SP,60807,Ram Singh,M,BJP,39002,,
42,Hasanpur,GEN,Kamal Akhtar,M,SP,92843,Ganga Saran,M,BSP,60615,,
43,Siwalkhas,GEN,Ghulam Mohammed,M,SP,58852,Yashvir Singh,M,RLD,55265,,
44,Sardhana,GEN,Sangeet Singh Som,M,BJP,62438,"Haz i MohammadYaqub",M,RLD,50164,,
45,Hastinapur,(SC),Prabhu Dayal Balmiki,M,SP,46742,Yogesh Verma,M,PECP,40101,,
46,Kithore,GEN,Shahid Manz oor,M,SP,73015,Lakhi Ram Naga,M,BSP,61909,,
47,Meerut Cantt.,GEN,"Satya Prakash Agarwal (Kailash Dairy Wale)",M,BJP,70820,Sunil Kumar Wadhwa,M,BSP,67207,,
48,Meerut,GEN,Dr. Laxmikant Bajpai,M,BJP,68154,Rafeeq Ansari,M,SP,61876,,
49,Meerut South,GEN,Ravindra Bhadana,M,BJP,71584,Haji Rashid Akhlaq,M,BSP,61800,,
50,Chhaprauli,GEN,Vir Pal,M,RLD,69394,Dev Pal Singh,M,BSP,47823,,
51,Baraut,GEN,Lokesh Dixit,M,BSP,57209,Ashwani Kumar,M,RLD,51533,,
52,Baghpat,GEN,Hemlata Chaudhary,F,BSP,56957,Kawkab Hameed Khan,M,RLD,49294,,
53,Loni,GEN,Zakir Ali,M,BSP,89603,Madan Bhaiya,M,RLD,64355,,
54,Muradnagar,GEN,Wahab,M,BSP,57103,Rajpal Tyagi,M,SP,53481,,
55,Sahibabad,GEN,Amarpal,M,BSP,124332,Sunil Kumar Sharma,M,BJP,99984,,
56,Ghaz iabad,GEN,Suresh Bansal,M,BSP,64485,Atul Garg,M,BJP,52364,,
57,Modinagar,GEN,Sudesh Sharma,M,RLD,58635,Rajpal Singh,M,BSP,44686,,
58,Dholana,GEN,Dharmesh Singh Tomar,M,SP,59150,Aslam,M,BSP,49811,,
59,Hapur,(SC),Gajraj Singh,M,INC,77242,Dharampal Singh,M,BSP,55090,,
60,Garhmukteshwar,GEN,Madan Chauhan,M,SP,82816,Farhat Hasan,M,BSP,64617,,
61,Noida,GEN,Mahesh Kumar Sharma,M,BJP,77319,Omdutt Sharma,M,BSP,49643,,
62,Dadri,GEN,Satveer Singh Gurjar,M,BSP,81137,Nawab Singh Nagar,M,BJP,43840,,
63,Jewar,GEN,Vedram Bhati,M,BSP,67524,Dhirendra Singh,M,INC,58024,,
64,Sikandrabad,GEN,Bimla Singh Solanki,F,BJP,45799,Saleem Akhtar Khan,M,BSP,45676,,
65,Bulandshahr,GEN,Mohd. Aleem Khan,M,BSP,76646,Virendra Singh Sirohi,M,BJP,69699,,
66,Siana,GEN,Dilnawaz Khan,M,INC,53887,Devendera Bhardwaj,M,BSP,52223,,
67,Anupshahr,GEN,Gajendra Singh,M,BSP,51761,Syed Himayat Ali,M,SP,48260,,
68,Debai,GEN,Shri Bhagwan Sharma,M,SP,62969,Rajveer Singh,M,JaKP,59372,,
69,Shikarpur,GEN,Mukesh Sharma,M,SP,64498,Anil Kumar,M,BSP,56095,,
70,Khurja,(SC),Banshi Singh Pahadiya,M,INC,98913,Horam Singh,M,BSP,61609,,
71,Khair,(SC),Bhagwati Prasad,M,RLD,93470,Rajrani,F,BSP,54696,,
72,Barauli,GEN,Dalveer Singh,M,RLD,80440,Thakur Jayveer Singh,M,BSP,68417,,
73,Atrauli,GEN,Viresh Yadav,M,SP,54785,Prem Lata Devi,F,JaKP,45918,,
74,Chharra,GEN,Rakesh Kumar,M,SP,54150,Mool Chand Baghel,M,BSP,49364,,
75,Koil,GEN,Zameer Ullah Khan,M,SP,44847,Vivek Bansal,M,INC,44248,,
76,Aligarh,GEN,Zafar Alam,M,SP,68291,Ashutosh Varshney,M,BJP,45205,,
77,Iglas,(SC),Triloki Ram,M,RLD,66146,Rajendra Kumar,M,BSP,57953,,
78,Hathras,(SC),Genda Lal Chaudhary,M,BSP,59161,Rajesh Kumar,M,BJP,50488,,
,,,,,,,,,,,,
,,,,,,,,,,,,
79,Sadabad,GEN,Devendra Agrawal,M,SP,63741,Satendra Sharma,M,BSP,58554,,
80,Sikandra Rao,GEN,Ramveer Upadhyay,M,BSP,94471,Yashpal Singh Chauhan,M,SP,93408,,
81,Chhata,GEN,Tejpal Singh,M,RLD,94757,Laxminarayan,M,BSP,80163,,
82,Mant,GEN,Jayant Chaudhary,M,RLD,87062,"Pt. Shyam SunderSharma Pachahara",M,AITC,71007,,
"By Poll2012",Mant,GEN,S.S.S.P.(Mantri),M,AITC,67457,Y. Chaudhary,M,RLD,60853,,
83,Goverdhan,GEN,Rajkumar Rawat,M,BSP,63725,Megh Shyam Singh,M,RLD,42230,,
84,Mathura,GEN,Pradeep Mathur,M,INC,54498,"Devendra KumarSharma",M,BJP,53997,,
85,Baldev,(SC),Pooran Prakash,M,RLD,79364,Chandrabhan Singh,M,BSP,47270,,
86,Etmadpur,GEN,Dr. Dharampal Singh,M,BSP,79982,Dr. Prem Singh Baghel,M,SP,71478,,
87,"AgraCantonment",(SC),Gutiyari Lal Duwesh,M,BSP,67786,"Girraj Singh Dharmesh(G.S. Dharmesh)",M,BJP,61371,,
88,Agra South,GEN,Yogendra Upadhyaya,M,BJP,74324,"Zulfiquar AhmedBhutto",M,BSP,51364,,
89,Agra North,GEN,Jagan Prasad Garg,M,BJP,68401,Rajesh Kumar Agrawal,M,BSP,45045,,
90,Agra Rural,(SC),Kali Charan Suman,M,BSP,69969,Hemlata,F,SP,51123,,
91,Fatehpur Sikri,GEN,Surajpal Singh,M,BSP,67191,Rajkumar Chahar,M,IND,61568,,
92,Kheragarh,GEN,"Bhagvan SinghKushwaha",M,BSP,69533,Rani Pakshalika Singh,F,SP,62427,,
93,Fatehabad,GEN,Chotelal Verma,M,BSP,73098,Rajendra Singh,M,SP,72399,,
94,Bah,GEN,"Raja Mahendra AridamanSingh",M,SP,99379,Madhusudan Sharma,M,BSP,72908,,
95,Tundla,(SC),Rakesh Babu,M,BSP,67949,Akhlesh Kumar,M,SP,60003,,
96,Jasrana,GEN,Ramveer Singh,M,SP,104440,"Ram Gopal (PappuLodhi)",M,BSP,75804,,
97,Firoz abad,GEN,Manish Asiz a,M,BJP,74878,Az im Bhai,M,SP,72863,,
98,Shikohabad,GEN,Om Prakash Verma,M,SP,98682,Dr.Mukesh Verma,M,BSP,54688,,
99,Sirsaganj,GEN,Hariom,M,SP,85517,E. Atul Pratap Singh,M,BSP,45502,,
100,Kasganj,GEN,Man Pal Singh,M,SP,48535,Hasrat Ullah Sherwani,M,BSP,38356,,
101,Amanpur,GEN,Mamtesh,M,BSP,37996,Virendra Singh,M,SP,34340,,
102,Patiyali,GEN,Najeeva Khan Zeenat,F,SP,62493,Suraj Singh Shakya,M,BSP,34718,,
103,Aliganj,GEN,Rameshwar Singh,M,SP,91141,Sanghmitra Maurya,F,BSP,65120,,
104,Etah,GEN,Ashish Kumar Yadav,M,SP,39282,Gajendra Singh Babloo,M,BSP,36038,,
105,Marhara,GEN,Amit Gaurav,M,SP,61827,Virendra,M,JaKP,39571,,
106,Jalesar,(SC),Ranjeet Suman,M,SP,55391,Omprakash Dalit,M,BSP,32822,,
107,Mainpuri,GEN,"Rajkumar Alias RajuYadav",M,SP,54990,Rama Shakya,F,BSP,40781,,
108,Bhongaon,GEN,Alok Kumar,M,SP,70298,"Ashish Singh AliasRahul Rathor",M,BSP,39622,,
109,Kishni,(SC),Eng. Brajesh Katheriya,M,SP,77113,Km. Sandhya,F,BSP,42063,,
110,Karhal,GEN,Sobaran Singh Yadav,M,SP,92536,Jaivir Singh,M,BSP,61593,,
111,Gunnaur,GEN,Ramkhiladi Singh Yadav,M,SP,107378,"Ajit Kumar Urf RajuYadav",M,INC,60720,,
112,Bisauli,(SC),Ashutosh Maurya Urf Raju,M,SP,89457,"Priti Sagar Urf PushpaRani",F,BSP,46467,,
113,Sahaswan,GEN,Omkar Singh,M,SP,72946,"Mir Hadi Ali Alias BabarMian",M,BSP,65919,,
114,Bilsi,GEN,Musarrat Ali Bittan,M,BSP,57600,"Vimal KrishanAggrawal",M,SP,49272,,
115,Badaun,GEN,Abid Raz a Khan,M,SP,62786,Mahesh Chandra Gupta,M,BJP,47373,,
116,Shekhupur,GEN,Ashish Yadav,M,SP,68533,Bhagvan Singh Shakya,M,INC,60281,,
117,Dataganj,GEN,"Sinod Kumar Shakya(Deepu)",M,BSP,63626,Prempal Singh Yadav,M,SP,58299,,
118,Baheri,GEN,Ataurrehman,M,SP,48172,Chhatra Pal Singh,M,BJP,48154,,
119,Meerganj,GEN,Sultan Baig,M,BSP,57446,Dr.D.C Verma,M,BJP,49525,,
120,Bhojipura,GEN,Shaz il Islam,M,IEMC,65531,"Virendra SinghGangwar",M,SP,47583,,
121,Nawabganj,GEN,Bhagwat Saran Gangwar,M,SP,67022,Usha Gangwar,F,BSP,49303,,
122,Faridpur,(SC),Dr. Siaram Sagar,M,SP,60837,Dr. Shyam Bihari,M,BJP,44050,,
123,Bithari Chainpur,GEN,Virendra Singh,M,BSP,55972,Dharmendra Kumar,M,SP,52557,,
124,Bareilly,GEN,Dr. Arun Kumar,M,BJP,68983,Dr. Anil Sharma,M,SP,41921,,
125,Bareilly Cantt.,GEN,Rajesh Agarwal,M,BJP,51893,Fahim Sabir Ansari,M,SP,32944,,
126,Aonla,GEN,Dharm Pal Singh,M,BJP,50782,Mahipal Singh Yadav,M,SP,46374,,
127,Pilibhit,GEN,Riaz Ahmad,M,SP,61578,Sanjay Singh Gangwar,M,BSP,57343,,
128,Barkhera,GEN,Hemraj Verma,M,SP,69256,"Jaidrath AliasPrawaktanand",M,BJP,38882,,
129,Puranpur,(SC),Peetam Ram,M,SP,73847,Babu Ram,M,BJP,43009,,
130,Bisalpur,GEN,Agys Ramsaran Verma,M,BJP,111735,"Anis Ahmad Khan AliasPhool Babu",M,INC,55664,,
131,Katra,GEN,Rajesh Yadav,M,SP,51025,Rajeev Kashyap,M,BSP,50150,,
132,Jalalabad,GEN,Neeraj Kushawaha,M,BSP,76406,Sharad Vir Singh,M,SP,75856,,
133,Tilhar,GEN,Roshan Lal Verma,M,BSP,71122,"Anwar Ali Urf Zaki UrRahman",M,SP,60415,,
134,Powayan,(SC),Sakuntla Devi,F,SP,59871,Arun Kumar Sagar,M,BSP,50973,,
135,Shahjahanpur,GEN,Suresh Kumar Khanna,M,BJP,81581,Tanveer Khan,M,SP,65403,,
136,Dadraul,GEN,Rammurti Singh Verma,M,SP,61967,Riz wan Ali,M,BSP,57088,,
137,Palia,GEN,"Harvindar Kumar SahaniAlias Romi Sahani",M,BSP,55460,Krishna Gopal Patel,M,SP,49541,,
138,Nighasan,GEN,Ajay,M,BJP,75005,R A Usmani,M,SP,43966,,
139,Gola Gokrannath,GEN,Vinay Tiwari,M,SP,82439,Simmi Bano,F,BSP,63110,,
140,Srinagar,(SC),Ramsaran,M,SP,69776,Sripal Bhargva,M,BSP,37898,,
141,Dhaurahra,GEN,"Shamsher Bahadur AliasSheroobhaiya",M,BSP,64139,Yashpal Chowdhary,M,SP,63094,,
142,Lakhimpur,GEN,Utkarsh Verma Madhur,M,SP,82713,Gyan Prakash Bajpai,M,BSP,44720,,
143,Kasta,(SC),Sunil Kumar Lala,M,SP,88548,Saurabh Singh Sonu,M,BSP,61677,,
144,Mohammadi,GEN,Awasthi Bala Prasad,M,BSP,57737,Imran Ahamad,M,SP,46393,,
145,Maholi,GEN,Anoop Kumar Gupta,M,SP,87160,"Mahesh ChandraMishra",M,BSP,64445,,
146,Sitapur,GEN,Radheyshyam Jaiswal,M,SP,58370,Ayub Khan,M,BSP,48072,,
147,Hargaon,(SC),Ramhet Bharti,M,BSP,73889,R.P Chowdhary,F,SP,61740,,
148,Laharpur,GEN,Mo. Jasmir Ansari,M,BSP,71860,Anil Kumar Verma,M,INC,54188,,
149,Biswan,GEN,Rampal Yadav,M,SP,74441,Nirmal Verma,M,BSP,67092,,
150,Sevata,GEN,Mahendra Kumar Singh,M,SP,49510,Ammar Riz vi,M,INC,47063,,
151,Mahmoodabad,GEN,Narendra Singh Verma,M,SP,86580,Ahmad Anshari,M,BSP,66991,,
152,Sidhauli,(SC),Manish Rawat,M,SP,73714,Dr. Hargovind Bhargav,M,BSP,67083,,
153,Misrikh,(SC),Ram Pal Rajwanshi,M,SP,61346,Manish Kumar Rawat,M,BSP,59824,,
154,Sawaijpur,GEN,Rajani Tiwari,F,BSP,49099,"Padamarag SinghYadav",M,JaKP,44580,,
155,Shahabad,GEN,Babu Khan,M,SP,89947,Asif Khan,M,BSP,78813,,
156,Hardoi,GEN,Nitin Agarwal,M,SP,110063,Raja Bux Singh,M,BSP,66381,,
157,Gopamau,(SC),Shyam Prakash,M,SP,67430,Aneeta Verma,F,BSP,61227,,
158,Sandi,(SC),Rajeshwari,F,SP,66325,Virendra Kumar,M,BSP,59675,,
159,"BilgramMallanwan",GEN,Brijesh Kumar,M,BSP,64768,"Krishna Kumar SinghAlias Satish Verma",M,SP,57440,,
160,Balamau,(SC),Anil Verma,M,SP,67800,Rampal Verma,M,BSP,67627,,
161,Sandila,GEN,Kunwar Mahabir Singh,M,SP,84644,Abdul Mannan,M,BSP,65510,,
162,Bangarmau,GEN,Badlu Khan,M,SP,55528,Mohd. Irshad Khan,M,BSP,48733,,
163,Safipur,(SC),Sudhir Kumar,M,SP,72869,Ram Baran,M,BSP,63815,,
164,Mohan,(SC),Radhey Lal Rawat,M,BSP,48021,Mast Ram,M,BJP,38852,,
165,Unnao,GEN,Deepak Kumar,M,SP,61695,Pankaj Gupta,M,BJP,51550,,
166,Bhagwant Nagar,GEN,Kuldeep Singh Sengar,M,SP,69514,Poonam Shukla,F,BJP,45685,,
167,Purwa,GEN,Uday Raj,M,SP,85073,Narendra Singh Lodhi,M,BSP,57172,,
168,Malihabad,(SC),Indal Kumar,M,SP,62782,Kaushal Kishore,M,RCP,60567,,
169,Bakshi Kaa Talab,GEN,Gomti Yadav,M,SP,79629,Nakul Dubey,M,BSP,77730,,
170,Sarojini Nagar,GEN,Sharda Pratap Shukla,M,SP,67601,"Shiv Shanker Singh(Shankari)",M,BSP,59236,,
171,Lucknow West,GEN,Mohd Rehan,M,SP,49912,"Suresh KumarShrivastav",M,BJP,42100,,
172,Lucknow North,GEN,Abhishek Mishra,M,SP,47580,Dr. Neeraj Bora,M,INC,45361,,
173,Lucknow East,GEN,Kalraj Mishra,M,BJP,68726,Juhie Singh,F,SP,47908,,
174,Lucknow Central,GEN,Ravidas Mehrotra,M,SP,62622,Vidya Sagar Gupta,M,BJP,39890,,
175,Lucknow Cantt,GEN,Prof. Rita Bahuguna Joshi,F,INC,63052,Suresh Chandra Tiwari,M,BJP,41299,,
176,Mohanlalganj,(SC),Chandra Rawat,F,SP,69488,Ajey Pushpa Rawat,F,BSP,45971,,
177,Bachhrawan,(SC),Ram Lal Akela,M,SP,59576,Sushil Kumar Pasi,M,RSBP,31628,,
178,Tiloi,GEN,Dr. Mohd. Muslim,M,INC,61249,"Mayankeshwar SharanSingh",M,SP,58539,,
179,Harchandpur,GEN,Surendra Vikram Singh,M,SP,51262,Shiv Ganesh Lodhi,M,INC,37069,,
180,Rae Bareli,GEN,Akhilesh Kumar Singh,M,PECP,75588,Ram Pratap Yadav,M,SP,46094,,
181,Salon,(SC),Ashakishore,F,SP,69020,Shiv Balak Pasi,M,INC,48443,,
182,Sareni,GEN,Devendra Pratap Singh,M,SP,61666,Sushil Kumar,M,BSP,48747,,
183,Unchahar,GEN,Manoj Kumar Pandey,M,SP,61930,Utkrist Maurya,M,BSP,59348,,
184,Jagdishpur,(SC),Radhey Shyam,M,INC,56309,Vijay Kumar,M,SP,50912,,
185,Gauriganj,GEN,Rakesh Pratap Singh,M,SP,44287,Mohammad Nayeem,M,INC,43784,,
186,Amethi,GEN,Gayatri Prasad,M,SP,58434,Ameeta Sinh,F,INC,49674,,
187,Isauli,GEN,Abrar Ahmad,M,SP,48813,"Yash Bhadra Singh(Monu)",M,PECP,34872,,
188,Sultanpur,GEN,Anoop Sanda,M,SP,57811,Mohd. Tahir Khan,M,BSP,50999,,
189,Sadar,GEN,Arun Kumar,M,SP,71939,Raj Prasad,M,BSP,51032,,
190,Lambhua,GEN,Santosh Pandey,M,SP,74352,Vinod Singh,M,BSP,56980,,
191,Kadipur,(SC),Ramchandra Chaudhary,M,SP,97283,Bhagelu Ram,M,BSP,59173,,
192,Kaimganj,(SC),Ajit Kumar,M,SP,56279,Amar Singh,M,BJP,34441,,
193,Amritpur,GEN,Narendra Singh Yadav,M,SP,50911,"Dr. Jitandra SinghYadav",M,JaKP,31940,,
194,Farrukhabad,GEN,"Vijay Singh S/O PremSingh",M,IND,33005,"Major Suneel DuttDwivedi",M,BJP,32858,,
195,Bhojpur,GEN,Jamaluddin Siddiqui,M,SP,51650,Mukesh Rajput,M,JaKP,33021,,
196,Chhibramau,GEN,Arvind Singh Yadav,M,SP,70372,Tahir Husain Siddiqui,M,BSP,67946,,
197,Tirwa,GEN,Vyjai Bahadur Pal,M,SP,78391,Kailash Singh Rajput,M,BSP,45899,,
198,Kannauj,(SC),Anil Kumar Dohre,M,SP,95702,Mahendra Nim Dohre,M,BSP,50020,,
199,Jaswantnagar,GEN,Shivpal Singh Yadav,M,SP,133563,Manish Yadav Pataray,M,BSP,52479,,
200,Etawah,GEN,Raghuraj Singh Shakya,M,SP,74874,"Mahendra SinghRajpoot",M,BSP,68610,,
201,Bharthana,(SC),Sukh Devi Verma,F,SP,85964,Raghvendra Kumar,M,BSP,67999,,
202,Bidhuna,GEN,Pramod Kumar,M,SP,72226,Devesh Kumar,M,BSP,54120,,
203,Dibiyapur,GEN,Pradeep Kumar,M,SP,76819,Ram Ji,M,BSP,52528,,
204,Auraiya,(SC),"Madan Singh AliasSantosh",M,SP,63477,Kuldeep,M,BSP,51415,,
205,Rasulabad,(SC),Shiv Kumar Beria,M,SP,66940,Nirmala Sankhawar,F,BSP,50105,,
206,Akbarpur Raniya,GEN,Ramswaroop Singh,M,SP,69148,Pratibha Shukla,F,BSP,67905,,
207,Sikandra,GEN,Indrapal Singh,M,BSP,54482,Devendra Singh Bhole,M,BJP,52293,,
208,Bhognipur,GEN,Yogendra Pal Singh,M,SP,57555,Dharm Pal Singh,M,BSP,52902,,
209,Bilhaur,(SC),Aruna Kumari Kori,F,SP,87804,"Kamlesh ChandraDivakar",M,BSP,71747,,
210,Bithoor,GEN,Munindra Shukla,M,SP,61081,"Dr.Ram PrakashKushwaha",M,BSP,60410,,
211,Kalyanpur,GEN,Satish Kumar Nigam,M,SP,44789,Prem Lata Katiyar,F,BJP,42406,,
212,Govind Nagar,GEN,Satyadev Pachauri,M,BJP,57156,Shailendra Dixit,M,INC,44779,,
213,Sishamau,GEN,Haji Irfan Solanki,M,SP,56496,"Hanuman SwarupMishra",M,BJP,36833,,
214,Arya Nagar,GEN,Salil Vishnoi,M,BJP,51200,Jitendra Bahadur Singh,M,SP,35789,,
215,Kidwai Nagar,GEN,Ajay Kapoor,M,INC,63400,"Vivek SheelShukla(Beenu Shukla)",M,BJP,61373,,
216,Kanpur Cantt.,GEN,"Raghunandan SinghBhadauria",M,BJP,42551,Mohd.Hasan Roomi,M,SP,33243,,
217,Maharajpur,GEN,Satish Mahana,M,BJP,83144,Saroj Kureel,F,BSP,49969,,
218,Ghatampur,(SC),Indrajeet Kori,M,SP,50669,Saroj Kureel,F,BSP,49969,,
219,Madhogarh,GEN,Santram,M,BSP,71671,Keshvendra Singh,M,SP,50319,,
220,Kalpi,GEN,Umakanti,F,INC,64289,Sanjay Singh,M,BSP,57639,,
221,Orai,(SC),Dayashankar,M,SP,67298,Satyendra Pratap,M,BSP,60165,,
222,Babina,GEN,Krishna Pal Singh Rajpoot,M,BSP,68144,"Chandrapal SinghYadav",M,SP,61189,,
223,Jhansi Nagar,GEN,Ravi Sharma,M,BJP,67043,Sita Ram Kushwaha,M,BSP,58963,,
224,Mauranipur,(SC),Dr. Rashmi Arya,F,SP,67785,Rajendra Rahul Ahirwar,M,BSP,61137,,
225,Garautha,GEN,"Deepnarayan Singh(Deepak Yadav)",M,SP,70041,"Devesh Kumar Paliwal(Kukku Bhaiya",M,BSP,54243,,
226,Lalitpur,GEN,"Ramesh PrasadKushwaha",M,BSP,79797,"Chandra Bhusan SinghBundela (Guddu Raja)",M,SP,68474,,
227,Mehroni,(SC),Feran Lal,M,BSP,70847,Manohar Lal,M,BJP,69110,,
228,Hamirpur,GEN,Sadhvi Niranjan Jyoti,F,BJP,63762,Fateh Muhammad Khan,M,BSP,55938,,
229,Rath,(SC),Gayadeen Anuragi,M,INC,91295,Ambesh Kumari,F,SP,55158,,
230,Mahoba,GEN,Rajnarain Alias Rajju,M,BSP,43963,Siddhgopal Sahu,M,SP,43609,,
231,Charkhari,GEN,Uma Bharti,F,BJP,66888,Kaptan Singh,M,SP,41623,,
232,Tindwari,GEN,Daljeet Singh,M,INC,61184,Bishambhar Prasad,M,SP,46169,,
233,Baberu,GEN,Vishambhar Singh,M,SP,41642,Brij Mohan Singh,M,BSP,40494,,
234,Naraini,(SC),Gayacharan Dinkar,M,BSP,52195,Bharatlal Diwakar,M,SP,47438,,
235,Banda,GEN,Vivek Kumar Singh,M,INC,49455,"Dinesh Chandra Shukla(Lala)",M,BSP,41853,,
236,Chitrakoot,GEN,Veer Singh,M,SP,65267,Ram Sevak,M,BSP,49131,,
237,Manikpur,GEN,Chandrabhan Singh Patel,M,BSP,43818,Shyamacharan Gupta,M,SP,40121,,
238,Jahanabad,GEN,Madan Gopal Verma,M,SP,78920,Sameer Trivedi,M,BSP,42709,,
239,Bindki,GEN,Sukhadev Prasad Verma,M,BSP,49090,Rajendra Singh Patel,M,BJP,41128,,
240,Fatehpur,GEN,Shed Qasim Hasan,M,SP,49830,Jeetendra Kumar Lodhi,M,BSP,46044,,
241,Ayah Shah,GEN,Ayodhya Prasad Pal,M,BSP,49339,Anand Prakash Lodhi,M,SP,38242,,
242,Husainganj,GEN,Mo. Asif,M,BSP,44757,"Usha Devi Alias AnilaMaurya",F,INC,41906,,
243,Khaga,(SC),Krishna Paswan,F,BJP,59234,Murli Dhar,M,BSP,40312,,
244,Rampur Khas,GEN,Pramod Kumar,M,INC,74545,Hiramani Patel,M,BSP,43011,,
245,Babaganj,(SC),Vinod Kumar,M,IND,69332,Mahendra Kumar,M,BSP,27266,,
246,Kunda,GEN,Raghuraj Pratap Singh,M,IND,111392,"Shiv Prakash MishraSenani",M,BSP,23137,,
247,Bishwavnathganj,GEN,Raja Ram,M,SP,49138,Sindhuja Mishra Senani,F,BSP,39951,,
248,Pratapgarh,GEN,"Nagendra Singh (MunnaYadav)",M,SP,43754,Sanjay,M,BSP,36244,,
249,Patti,GEN,Ram Singh,M,SP,61434,"Rajendra Pratap SinghUrf Moti Singh",M,BJP,61278,,
250,Raniganj,GEN,Pro. Shivakant Ojha,M,SP,63076,Mansha Ahmad,M,BSP,50472,,
251,Sirathu,GEN,Keshav Prasad,M,BJP,57926,Anand Mohan,M,BSP,48063,,
252,Manjhanpur,(SC),Indrajeet Saroj,M,BSP,91000,Shiv Mohan Chaudhary,M,SP,86818,,
253,Chail,GEN,Mohd Ashif Jafri,M,BSP,54796,Chandra Bali,M,SP,53506,,
254,Phaphamau,GEN,Ansar Ahmad,M,SP,51950,Guru Prasad Maurya,M,BSP,46654,,
255,Soraon,(SC),Satyaveer Munna,M,SP,61153,Babu Lal (Bhawara),M,BSP,47852,,
256,Phulpur,GEN,Sayeed Ahamad,M,SP,72898,Praveen Patel,M,BSP,64998,,
257,Pratappur,GEN,Vijma Yadav,F,SP,62582,Mohd.Mujtaba Siddiqi,M,BSP,49774,,
258,Handia,GEN,Maheshnarayan Singh,M,SP,88475,Dr. Rakeshdhar Tripathi,M,PMSP,43096,,
"By Poll2013",Handia,GEN,Prashant Kumar Singh,F,SP,81655,Dr. Pamkaj Tripathi,M,BSP,54838,,
259,Meja,GEN,"Girish Chandra AliasGama Pandey",M,SP,44823,"Anand Kumar AliasCollector Pandey",M,BSP,44083,,
260,Karachhana,GEN,Deepak Patel,M,BSP,68341,Ujjwal Raman Singh,M,SP,67937,,
261,Allahabad West,GEN,Pooja Pal,F,BSP,71114,Atiq Ahamad,M,AD,62229,,
262,Allahabad North,GEN,Anugrah Narayan Singh,M,INC,54787,Harshvardhan Bajpayee,M,BSP,38695,,
263,Allahabad South,GEN,Haji Parvej Ahmad (Tanki),M,SP,43040,"Nand Gopal GuptaNandi",M,BSP,42626,,
264,Bara,(SC),Dr.Ajay Kumar,M,SP,46182,Bholanath Chaudhary,M,BSP,42426,,
265,Koraon,(SC),Rajbali Jaisal,M,BSP,44755,Ramkripal,M,CPM,36982,,
266,Kursi,GEN,Fareed Mahfooj Kidwai,M,SP,80183,Kumari Meeta Gautam,F,BSP,56246,,
267,Ramnagar,GEN,Arvind Kumar Singh,M,SP,77428,Amresh Kumar,M,BSP,45204,,
268,Barabanki,GEN,Dharam Raj,M,SP,82343,Sangram Singh,M,BSP,59573,,
269,Zaidpur,(SC),Ramgopal,M,SP,76869,Ved Prakash Rawat,M,BSP,53828,,
270,Dariyabad,GEN,Rajeev Kumar Singh,M,SP,84147,Vivekanand,M,BSP,64253,,
271,Rudauli,GEN,Ram Chandra Yadav,M,BJP,61173,"Abbas Ali Zaidi Alias(Rushdi Miyan)",M,SP,60232,,
272,Haidergarh,(SC),Ram Magan,M,SP,60232,Ram Narayan,M,BSP,51792,,
273,Milkipur,(SC),Audhesh Prasad,M,SP,73803,Pavan Kumar,M,BSP,39566,,
274,Bikapur,GEN,Mitrasen Yadav,M,SP,55232,Firoz Khan Urf Gabbar,M,BSP,53364,,
275,Ayodhya,GEN,"Tej Narayan Pandey AliasPawan Pandey",M,SP,55262,Lallu Singh,M,BJP,49857,,
276,Goshainganj,GEN,Abhay Singh,M,SP,122235,"Indra Pratap Urf KhabbuTiwari",M,BSP,63554,,
277,Katehari,GEN,Shankh Lal Manjhi,M,SP,94641,Lal Ji Verma,M,BSP,77021,,
278,Tanda,GEN,Az imulhaque Pahlwan,M,SP,83249,"Ajay Kumar Alias VishalVerma",M,BSP,55728,,
279,Alapur,(SC),Bheem Prasad Sonkar,M,SP,79846,Tribhuvan Dutt,M,BSP,49823,,
280,Jalalpur,GEN,Sher Bahadur,M,SP,89267,Ritesh Pandey,M,BSP,72003,,
281,Akbarpur,GEN,Ram Murti Verma,M,SP,91126,Sanjay Kumar,M,BSP,64840,,
282,Balha,(SC),Savitri Bai Fule,F,BJP,58823,Kiran Bharti,F,BSP,38895,,
283,Nanpara,GEN,Madhuri Verma,F,INC,46987,Waris Ali,M,BSP,42665,,
284,Matera,GEN,Yasar Shah,M,SP,41944,Ali Akbar,M,INC,39143,,
285,Mahasi,GEN,Krishna Kumar Ojha,M,BSP,40546,Sureshwar Singh,M,BJP,38057,,
286,Bahraich,GEN,Dr. Waqar Ahmad Shah,M,SP,50759,Chandra Shekhar Singh,M,INC,35263,,
287,Payagpur,GEN,"Mukesh Srivastva AliasGyanendra Pratap",M,INC,65176,Ajit Pratap Singh,M,BSP,38130,,
288,Kaiserganj,GEN,Mukut Bihari Verma,M,BJP,45262,"Ram Tej YadavAdvocate",M,SP,38294,,
289,Bhinga,GEN,Indrani Devi,F,SP,65365,Muhammad Aslam,M,INC,58538,,
290,Shrawasti,GEN,Muhammad Ramjan,M,SP,67551,Vinod Tripathi,M,BSP,56346,,
291,Tulsipur,GEN,Abdul Mashhood Khan,M,SP,67105,Salman Zaheer,M,BSP,33395,,
292,Gainsari,GEN,Dr. Shiv Pratap Yadav,M,SP,56744,Alauddin,M,BSP,33044,,
,,,,,,,,,,,,
,,,,,,,,,,,,
293,Utraula,GEN,Arif Anwar Hashmi,M,SP,40447,Dhirendra Pratap Singh,M,BSP,39442,,
294,Balrampur,(SC),Jagram Paswan,M,SP,47120,Ramapati Shastri,M,BJP,28858,,
295,Mehnaun,GEN,Nandita Shukla,F,SP,71667,Arshad Ali Khan,M,BSP,38623,,
296,Gonda,GEN,"Vinod Kumar Urf PanditSingh",M,SP,62058,Mahesh Narayan Tiwari,M,BJP,47203,,
297,Katra Baz ar,GEN,Bawan Singh,M,BJP,65355,Masood Alam,M,BSP,58408,,
298,Colonelganj,GEN,"Yogesh Pratap Singh'Yogesh Bhaiya'",M,SP,67723,"Ajay Pratap Singh AliasLalla Bhaiya",M,BSP,56002,,
299,Tarabganj,GEN,"Awadhesh Kumar SinghAlias Manju Singh",M,SP,52395,Ram Bhajan Chaube,M,BSP,47215,,
300,Mankapur,(SC),Babulal,M,SP,78311,Ramesh Chandra,M,BSP,51141,,
301,Gaura,GEN,Kunwar Anand Singh,M,SP,42773,Abdul Kalam Malik,M,INC,35678,,
302,Shohratgarh,GEN,Lalmunni Singh,F,SP,50935,Mumtaj Ahmad,M,BSP,33423,,
303,Kapilvastu,(SC),Vijay Kumar,M,SP,78344,Sri Ram Chauhan,M,BJP,41474,,
304,Bansi,GEN,Jai Pratap Singh,M,BJP,47323,Lal Ji,M,SP,44429,,
305,Itwa,GEN,Mata Prasad Pandey,M,SP,46142,Subodh Chandra,M,BSP,34408,,
306,Domariaganj,GEN,Kamal Yusuf Malik,M,PECP,44428,Saiyada Khatun,F,BSP,42839,,
307,Harraiya,GEN,Rajkishor Singh,M,SP,84409,Mamata Pandey,F,BSP,64123,,
308,Kaptanganj,GEN,Ram Prasad Chaudhary,M,BSP,67416,Trayambak Nath,M,SP,56346,,
309,Rudhauli,GEN,Sanjay Pratap Jaiswal,M,INC,55950,"Rajendra PrasadChaudhary",M,BSP,50107,,
310,Basti Sadar,GEN,Jeetendra Kumar,M,BSP,53011,Abhishek Pal,M,INC,34008,,
311,Mahadewa,(SC),Ram Karan Arya,M,SP,83202,Doodhram,M,BSP,63943,,
312,Menhdawal,GEN,Laxmikant,M,SP,56107,Anil Kumar,M,PECP,40030,,
313,Khalilabad,GEN,Dr. Moh. Ayub,M,PECP,55841,Mashhoor Alam,M,BSP,50449,,
314,Dhanghata,(SC),Alagu Prasad Chauhan,M,SP,66337,Ram Sidhare,M,BSP,51388,,
315,Pharenda,GEN,Bajrang Bahadur Singh,M,BJP,47921,Virendra Chaudhary,M,INC,34586,,
,,,,,,,,,,,,
,,,,,,,,,,,,
316,Nautanwa,GEN,Kaushal Kishor,M,INC,76584,Aman Mani Tripathi,M,SP,68747,,
317,Siswa,GEN,"Shivendra Singh AliasShiv Babu",M,SP,54591,"Dr. Ramapati RamTripathi",M,BJP,37749,,
318,Maharajganj,(SC),Sudama,M,SP,84581,Nirmesh Mangal,M,BSP,48426,,
319,Paniyara,GEN,"Deo Narayan Urf G.M.Singh",M,BSP,56114,Gyanendra,M,BJP,52031,,
320,Caimpiyarganj,GEN,Fateh Bahadur,M,NCP,71906,Chinta Yadav,F,SP,62948,,
321,Pipraich,GEN,Rajmati,F,SP,86976,Jitendra,M,BSP,51341,,
322,Gorakhpur Urban,GEN,"Dr Radha Mohan DasAgarwal",M,BJP,81148,Raj Kumari Devi,F,SP,33694,,
323,Gorakhpur Rural,GEN,Vijay Bahadur Yadava,M,BJP,58849,Jafar Amin Dakku,M,SP,41864,,
324,Sahajanwa,GEN,Rajendra,M,BSP,52949,Aswani,M,BJP,40258,,
325,Khajani,(SC),Sant Prasad,M,BJP,57920,Ram Samujh,M,BSP,48484,,
326,Chauri Chaura,GEN,Jay Prakash,M,BSP,49687,Anoop Kumar Pandey,M,SP,29086,,
327,Bansgaon,(SC),Dr. Vijay Kumar,M,BSP,53690,Sharda Devi,F,SP,45344,,
328,Chillupar,GEN,Rajesh Tripathi,M,BSP,61639,C.P Chand,M,SP,50486,,
329,Khadda,GEN,Vijay Kumar Dubey,M,INC,37260,N.P. Kushwaha,M,SP,35115,,
330,Padrauna,GEN,Swami Prasad Maurya,M,BSP,42184,Rajesh Kumar Jaiswal,M,INC,34022,,
331,Tamkuhi Raj,GEN,Ajay Kumar Lalloo,M,INC,53121,Nand Kishor Mishra,M,BJP,47261,,
332,Faz ilnagar,GEN,Ganga,M,BJP,49995,Kalamuddin,M,BSP,44501,,
333,Kushinagar,GEN,Bramhashankar Tripathi,M,SP,66489,Jawed Iqbal,M,BSP,42801,,
334,Hata,GEN,Radheshyam,M,SP,55591,Virendra,M,BSP,38923,,
335,Ramkola,(SC),Purnmasi Dehati,M,SP,50861,Deep Lal Bharti,M,BJP,32295,,
336,Rudrapur,GEN,Akhilesh Pratap Singh,M,INC,40783,Mukti Nath Yadav,M,SP,33356,,
337,Deoria,GEN,Janmejai Singh,M,BJP,56299,Pramod Singh,M,BSP,33004,,
338,Pathardeva,GEN,Shakir Ali,M,SP,59905,Surya Pratap Shahi,M,BJP,55351,,
339,Karkhana,GEN,Alias Gajala Lari,F,SP,51834,Guddu Shahi,M,IND,44687,,
340,Bhatpar Rani,GEN,Kameshwar,M,SP,56017,Sabhakunwar,M,BSP,41093,,
"By Poll2013",Bhatpar Rani,GEN,Ashutosh Upadhyay,M,SP,73100,Sabhakunwar,M,SBSP,38998,,
341,Salempur,(SC),Manbodh,M,SP,47884,Vijaylaxmi,F,BJP,31726,,
342,Barhaj,GEN,Prem Prakash Singh,M,SP,65672,Renu Jaiswal,F,BSP,53896,,
343,Atraulia,GEN,Dr.Sangram Yadav,M,SP,97486,Surendra Prasad Mishra,M,BSP,53866,,
344,Gopalpur,GEN,Waseem Ahmad,M,SP,77697,Kamla Prasad Yadav,M,BSP,47563,,
345,Sagri,GEN,Abhay Narayan,M,SP,56114,"Santosh KumarSingh(Teepoo)",M,BSP,46863,,
346,Mubarakpur,GEN,"Shah Alam Urfa GudduJamali",M,BSP,50128,Akhilesh Yadav,M,SP,41562,,
347,Az amgarh,GEN,Durga Prasad Yadav,M,SP,93629,Sarvesh Singh Sipu,M,BSP,62188,,
348,Niz amabad,GEN,Alambadi,M,SP,63894,Kalamuddin Khan,M,BSP,40051,,
349,Phoolpur Pawai,GEN,"Shyam Bahadur SinghYadav",M,SP,47172,Abul Kais Az ami,M,BSP,46307,,
350,Didarganj,GEN,Adil Sheikh,M,SP,64361,Sukhdev Rajbhar,M,BSP,62134,,
351,Lalganj,(SC),Bechai,M,SP,64746,Hira Lal Gautam,M,BSP,53734,,
352,Mehnagar,(SC),Brij Lal Sonkar,M,SP,60341,Vidya Chaudhary,F,BSP,49979,,
353,Madhuban,GEN,Umesh Pandey,M,BSP,51572,Rajendra Mishra,M,SP,50216,,
354,Ghosi,GEN,Sudhakar,M,SP,73688,Fagu Chauhan,M,BSP,58144,,
355,"MuhammadabadGohna",(SC),Baijnath,M,SP,52691,Rajendra,M,BSP,49552,,
356,Mau,GEN,Mukhtar Ansari,M,QED,70210,Bheem Rajbhar,M,BSP,64306,,
357,Belthara Road,(SC),Gorakh Paswan,M,SP,57363,Chhathu Ram,M,BSP,47066,,
358,Rasara,GEN,Umashankar,M,BSP,84436,Sanatan,M,SP,31611,,
359,Sikanderpur,GEN,Jiauddin Rijvi,M,SP,58266,"ChandrabhushanRajbhar",M,BSP,29735,,
360,Phephana,GEN,Upendra Tiwari,M,BJP,51151,Ambika Choudhary,M,SP,43764,,
361,Ballia Nagar,GEN,Narad Rai,M,SP,58875,Sathi Ramji Gupta,M,QED,33747,,
362,Bansdih,GEN,Ram Govind,M,SP,52085,Ketakee,F,BJP,29208,,
363,Bairia,GEN,Jai Prakash Anchal,M,SP,46092,Bharat,M,BJP,45534,,
364,Badlapur,GEN,Om Prakash 'Baba' Dubey,M,SP,65278,Lalji Yadav,M,BSP,49085,,
365,Shahganj,GEN,Shailendra Yadav 'Lalaee',M,SP,74486,Dharmraj Nishad,M,BSP,64263,,
366,Jaunpur,GEN,Nadeem Javed,M,INC,50863,"Tejbahadur Maurya'Pappu'",M,BSP,49624,,
367,Malhani,GEN,Paras Nath Yadaw,M,SP,81602,Dr.Jagriti Singh,F,IND,50100,,
368,"MungraBadshahpur",GEN,Seema,F,BJP,50065,Ramesh,M,BSP,44004,,
369,Machhlishahr,(SC),Jagdish Sonkar,M,SP,82484,Rampher Gautam,M,BSP,58059,,
370,Mariyahu,GEN,Shraddha Yadav,F,SP,55745,Savitri Patel,F,BSP,43268,,
371,Zafrabad,GEN,Sachindra Nath Tripathi,M,SP,59419,Jagdish Narayan,M,BSP,54002,,
372,Kerakat,(SC),Gulab Chand,M,SP,67470,Vijay Lakshami,F,BSP,57284,,
373,Jakhanian,(SC),Subba Ram,M,SP,72561,Vijay Kumar,M,BSP,57331,,
374,Saidpur,(SC),Subhash,M,SP,90624,America,M,BSP,48655,,
375,Ghaz ipur,GEN,Vijay Kumar Mishra,M,SP,49561,Raj Kumar,M,BSP,49320,,
376,Jangipur,GEN,Kailash,M,SP,72208,"Manish ChandraPandey",M,BSP,62744,,
377,Zahoorabad,GEN,Syeda Shadab Fatima,F,SP,67012,Kalicharan,M,BSP,56534,,
378,Mohammadabad,GEN,Sibgatulla Ansari,M,QED,66922,Rajesh Rai,M,SP,59589,,
379,Zamania,GEN,Omprakash,M,SP,83407,Umashanker Kushwaha,M,BSP,53967,,
380,Mughalsarai,GEN,Babban,M,BSP,59083,Babulal,M,SP,43643,,
381,Sakaldiha,GEN,Sushil Singh,M,IND,66509,Prabhunarayan Yadav,M,SP,59661,,
382,Saiyadraja,GEN,Manoj Kumar,M,IND,51499,"Brijesh Singh Urf ArunKumar Singh",M,PMSP,49483,,
383,Chakia,(SC),Poonam,F,SP,91285,Jitendra Kumar,M,BSP,82603,,
384,Pindra,GEN,Ajay,M,INC,52863,Jai Prakash,M,BSP,43645,,
385,Ajagara,(SC),Tribhuvan Ram,M,BSP,60239,Lalji,M,SP,58156,,
386,Shivpur,GEN,Uday Lal Maurya,M,BSP,48716,Dr.Piyush Yadav,M,SP,36084,,
387,Rohaniya,GEN,Anupriya Patel,F,AD,57812,Ramakant Singh,M,BSP,40229,,
388,Varanasi North,GEN,Ravindra Jaiswal,M,BJP,47980,Sujit Kumar Maurya,M,BSP,45644,,
389,Varanasi South,GEN,"Shyamdev Roy Chaudhari(Dada)",M,BJP,57868,"Dr. Dayashankar Mishra(Dayalu)",M,INC,44046,,
390,Varanasi Cantt.,GEN,Jyotsana Srivastava,F,BJP,57918,Anil Srivastwa,M,INC,45066,,
391,Sevapuri,GEN,Surendra Singh Patel,M,SP,56849,Neel Ratan Patel 'Neelu',M,AD,36942,,
392,Bhadohi,GEN,Jahid Beg,M,SP,78698,Ravindranath Tripathi,M,BSP,62457,,
393,Gyanpur,GEN,Vijay Kumar,M,SP,91604,Dinesh Kumar Singh,M,BSP,53930,,
394,Aurai,(SC),Madhubala,F,SP,83827,Baijnath,M,BSP,61954,,
395,Chhanbey,(SC),Bhai Lal Kol,M,SP,57488,Shashi Bhushan,M,BSP,47194,,
396,Mirz apur,GEN,Kailash Nath Chaurasiya,M,SP,69099,Rang Nath Mishra,M,BSP,46800,,
397,Majhawan,GEN,Ramesh Chand,M,BSP,83870,Rajendra Prasad,M,SP,74141,,
398,Chunar,GEN,Jagatamba Singh,M,SP,67265,Ghanshyam,M,BSP,46557,,
399,Marihan,GEN,Laliteshpati Tripathi,M,INC,63492,Satyendra Kumar Patel,M,SP,54969,,
400,Ghorawal,GEN,Ramesh Chandra,M,SP,87708,Anil Kumar Maurya,M,BSP,72521,,
401,Robertsganj,GEN,Avinash,M,SP,47139,Ramesh Singh,M,BSP,41798,,
402,Obra,GEN,Sunil Kumar,M,BSP,31513,"Devendra PrasadShastri",M,BJP,24453,,
403,Duddhi,(SC),Rubi Prasad,F,IND,42028,Naresh Kumar,M,SP,35989,,